﻿<?xml version="1.0" encoding="utf-8"?>
<Users>
  

  <User Username="nalietha" Password="Password1!">
    <Books>
      <Book id="1">
        <Title>Leviathan Wakes</Title>
        <Author>James A Cordory</Author>
        <Genre>Sci-Fi</Genre>
        <ISBN>978-0-316-39068-2</ISBN>
        <Publisher>Orbit</Publisher>
        <Summary>Space is deadly, will they survive in the outer where no one can hear you scream?</Summary>
      </Book>
      <Book id="2">
        <Title>Leviathan</Title>
        <Author>Scoot Westerfeild</Author>
        <Genre>Historical fiction	</Genre>
        <ISBN>978-1-41697174-0</ISBN>
        <Publisher>Simon Pulse</Publisher>
        <Summary>World War 1 reimagioned with machines and Geneticly modified Animals who hate each others guts. While Alek Ferdinand the heir to the Clanker Throne is on the run. I wonder who he will meet on his journey.</Summary>
      </Book>
      <Book id="3">
        <Title>Behemoth</Title>
        <Author>Scoot Westerfeild</Author>
        <Genre>Historical fiction	</Genre>
        <ISBN>978141697176-4</ISBN>
        <Publisher>Simon Pulse</Publisher>
        <Summary>The Behemoth is the fiercest creater in the British navy. It can swallow enemy battleships with one bite. The Darwinists will need it, now that they are att war with the Clanker Powers. </Summary>
      </Book>
    </Books>
    <Movies>
      <Movie id="1">
        <Title>Avengers: EndGame</Title>
        <Director>Russo Brothers</Director>
        <Genre>Action Sci-fi</Genre>
        <Summary>Avengers are broken, the world is half gone, what is next?</Summary>
      </Movie>
    </Movies>
  </User>
</Users>